filename,label
001_001_001.npy,1
001_001_002.npy,1
001_001_003.npy,1
001_001_004.npy,1
001_001_005.npy,1
001_002_001.npy,1
001_002_002.npy,1
001_002_003.npy,1
001_002_004.npy,1
001_002_005.npy,1
001_003_001.npy,1
001_003_002.npy,1
001_003_003.npy,1
001_003_004.npy,1
001_003_005.npy,1
001_004_001.npy,1
001_004_002.npy,1
001_004_003.npy,1
001_004_004.npy,1
001_004_005.npy,1
001_005_001.npy,1
001_005_002.npy,1
001_005_003.npy,1
001_005_004.npy,1
001_005_005.npy,1
001_006_001.npy,1
001_006_002.npy,1
001_006_003.npy,1
001_006_004.npy,1
001_006_005.npy,1
001_007_001.npy,1
001_007_002.npy,1
001_007_003.npy,1
001_007_004.npy,1
001_007_005.npy,1
001_008_002.npy,1
001_008_003.npy,1
001_008_004.npy,1
001_008_005.npy,1
001_009_001.npy,1
001_009_002.npy,1
001_009_003.npy,1
001_009_004.npy,1
001_009_005.npy,1
001_010_001.npy,1
001_010_002.npy,1
001_010_003.npy,1
001_010_004.npy,1
001_010_005.npy,1
002_001_001.npy,2
002_001_002.npy,2
002_001_003.npy,2
002_001_004.npy,2
002_001_005.npy,2
002_002_001.npy,2
002_002_002.npy,2
002_002_003.npy,2
002_002_004.npy,2
002_002_005.npy,2
002_003_001.npy,2
002_003_002.npy,2
002_003_003.npy,2
002_003_004.npy,2
002_003_005.npy,2
002_004_001.npy,2
002_004_002.npy,2
002_004_003.npy,2
002_004_004.npy,2
002_004_005.npy,2
002_005_001.npy,2
002_005_002.npy,2
002_005_003.npy,2
002_005_004.npy,2
002_005_005.npy,2
002_006_001.npy,2
002_006_002.npy,2
002_006_003.npy,2
002_006_004.npy,2
002_006_005.npy,2
002_007_001.npy,2
002_007_002.npy,2
002_007_003.npy,2
002_007_004.npy,2
002_007_005.npy,2
002_008_001.npy,2
002_008_002.npy,2
002_008_003.npy,2
002_008_004.npy,2
002_008_005.npy,2
002_009_001.npy,2
002_009_002.npy,2
002_009_003.npy,2
002_009_004.npy,2
002_009_005.npy,2
002_010_001.npy,2
002_010_002.npy,2
002_010_003.npy,2
002_010_004.npy,2
002_010_005.npy,2
003_001_001.npy,3
003_001_002.npy,3
003_001_003.npy,3
003_001_004.npy,3
003_001_005.npy,3
003_002_001.npy,3
003_002_002.npy,3
003_002_003.npy,3
003_002_004.npy,3
003_002_005.npy,3
003_003_001.npy,3
003_003_002.npy,3
003_003_003.npy,3
003_003_004.npy,3
003_003_005.npy,3
003_004_001.npy,3
003_004_002.npy,3
003_004_003.npy,3
003_004_004.npy,3
003_004_005.npy,3
003_005_001.npy,3
003_005_002.npy,3
003_005_003.npy,3
003_005_004.npy,3
003_005_005.npy,3
003_006_001.npy,3
003_006_002.npy,3
003_006_003.npy,3
003_006_004.npy,3
003_006_005.npy,3
003_007_001.npy,3
003_007_002.npy,3
003_007_003.npy,3
003_007_004.npy,3
003_007_005.npy,3
003_008_001.npy,3
003_008_002.npy,3
003_008_003.npy,3
003_008_004.npy,3
003_008_005.npy,3
003_009_001.npy,3
003_009_002.npy,3
003_009_003.npy,3
003_009_004.npy,3
003_009_005.npy,3
003_010_001.npy,3
003_010_002.npy,3
003_010_003.npy,3
003_010_004.npy,3
003_010_005.npy,3
004_001_001.npy,4
004_001_002.npy,4
004_001_003.npy,4
004_001_004.npy,4
004_001_005.npy,4
004_002_001.npy,4
004_002_002.npy,4
004_002_003.npy,4
004_002_004.npy,4
004_002_005.npy,4
004_003_001.npy,4
004_003_002.npy,4
004_003_003.npy,4
004_003_004.npy,4
004_003_005.npy,4
004_004_001.npy,4
004_004_002.npy,4
004_004_003.npy,4
004_004_004.npy,4
004_004_005.npy,4
004_005_001.npy,4
004_005_002.npy,4
004_005_003.npy,4
004_005_004.npy,4
004_005_005.npy,4
004_006_001.npy,4
004_006_002.npy,4
004_006_003.npy,4
004_006_004.npy,4
004_006_005.npy,4
004_007_001.npy,4
004_007_002.npy,4
004_007_003.npy,4
004_007_004.npy,4
004_007_005.npy,4
004_008_001.npy,4
004_008_002.npy,4
004_008_003.npy,4
004_008_004.npy,4
004_008_005.npy,4
004_009_001.npy,4
004_009_002.npy,4
004_009_003.npy,4
004_009_004.npy,4
004_009_005.npy,4
004_010_001.npy,4
004_010_002.npy,4
004_010_003.npy,4
004_010_004.npy,4
004_010_005.npy,4
005_001_001.npy,5
005_001_002.npy,5
005_001_003.npy,5
005_001_004.npy,5
005_001_005.npy,5
005_002_001.npy,5
005_002_002.npy,5
005_002_003.npy,5
005_002_004.npy,5
005_002_005.npy,5
005_003_001.npy,5
005_003_002.npy,5
005_003_003.npy,5
005_003_004.npy,5
005_003_005.npy,5
005_004_001.npy,5
005_004_002.npy,5
005_004_003.npy,5
005_004_004.npy,5
005_004_005.npy,5
005_005_001.npy,5
005_005_002.npy,5
005_005_003.npy,5
005_005_004.npy,5
005_005_005.npy,5
005_006_001.npy,5
005_006_002.npy,5
005_006_003.npy,5
005_006_004.npy,5
005_006_005.npy,5
005_007_001.npy,5
005_007_002.npy,5
005_007_003.npy,5
005_007_004.npy,5
005_007_005.npy,5
005_008_001.npy,5
005_008_002.npy,5
005_008_003.npy,5
005_008_004.npy,5
005_008_005.npy,5
005_009_001.npy,5
005_009_002.npy,5
005_009_003.npy,5
005_009_004.npy,5
005_009_005.npy,5
005_010_001.npy,5
005_010_002.npy,5
005_010_003.npy,5
005_010_004.npy,5
005_010_005.npy,5
006_001_002.npy,6
006_001_004.npy,6
006_001_005.npy,6
006_002_001.npy,6
006_002_002.npy,6
006_002_003.npy,6
006_002_004.npy,6
006_002_005.npy,6
006_003_001.npy,6
006_003_002.npy,6
006_003_003.npy,6
006_003_004.npy,6
006_003_005.npy,6
006_004_001.npy,6
006_004_002.npy,6
006_004_003.npy,6
006_004_004.npy,6
006_004_005.npy,6
006_005_001.npy,6
006_005_002.npy,6
006_005_003.npy,6
006_005_004.npy,6
006_005_005.npy,6
006_006_001.npy,6
006_006_002.npy,6
006_006_004.npy,6
006_006_005.npy,6
006_007_001.npy,6
006_007_002.npy,6
006_007_003.npy,6
006_007_004.npy,6
006_007_005.npy,6
006_008_001.npy,6
006_008_002.npy,6
006_008_003.npy,6
006_008_004.npy,6
006_008_005.npy,6
006_009_001.npy,6
006_009_002.npy,6
006_009_003.npy,6
006_009_004.npy,6
006_009_005.npy,6
006_010_001.npy,6
006_010_002.npy,6
006_010_003.npy,6
006_010_004.npy,6
006_010_005.npy,6
007_001_001.npy,7
007_001_002.npy,7
007_001_003.npy,7
007_001_004.npy,7
007_001_005.npy,7
007_002_001.npy,7
007_002_002.npy,7
007_002_003.npy,7
007_002_004.npy,7
007_002_005.npy,7
007_003_001.npy,7
007_003_002.npy,7
007_003_003.npy,7
007_003_004.npy,7
007_003_005.npy,7
007_004_001.npy,7
007_004_002.npy,7
007_004_003.npy,7
007_004_004.npy,7
007_004_005.npy,7
007_005_001.npy,7
007_005_002.npy,7
007_005_003.npy,7
007_005_004.npy,7
007_005_005.npy,7
007_006_001.npy,7
007_006_002.npy,7
007_006_003.npy,7
007_006_004.npy,7
007_006_005.npy,7
007_007_001.npy,7
007_007_002.npy,7
007_007_003.npy,7
007_007_004.npy,7
007_007_005.npy,7
007_008_001.npy,7
007_008_002.npy,7
007_008_003.npy,7
007_008_004.npy,7
007_008_005.npy,7
007_009_001.npy,7
007_009_002.npy,7
007_009_003.npy,7
007_009_004.npy,7
007_009_005.npy,7
007_010_001.npy,7
007_010_002.npy,7
007_010_003.npy,7
007_010_004.npy,7
007_010_005.npy,7
008_001_003.npy,8
008_001_005.npy,8
008_002_001.npy,8
008_002_002.npy,8
008_002_003.npy,8
008_002_004.npy,8
008_002_005.npy,8
008_003_001.npy,8
008_003_002.npy,8
008_003_003.npy,8
008_003_004.npy,8
008_003_005.npy,8
008_004_001.npy,8
008_004_002.npy,8
008_004_003.npy,8
008_004_004.npy,8
008_004_005.npy,8
008_005_001.npy,8
008_005_002.npy,8
008_005_003.npy,8
008_005_004.npy,8
008_005_005.npy,8
008_006_001.npy,8
008_006_002.npy,8
008_006_003.npy,8
008_006_004.npy,8
008_006_005.npy,8
008_007_001.npy,8
008_007_002.npy,8
008_007_003.npy,8
008_007_004.npy,8
008_007_005.npy,8
008_008_001.npy,8
008_008_002.npy,8
008_008_003.npy,8
008_008_004.npy,8
008_008_005.npy,8
008_009_001.npy,8
008_009_002.npy,8
008_009_003.npy,8
008_009_004.npy,8
008_009_005.npy,8
008_010_001.npy,8
008_010_002.npy,8
008_010_003.npy,8
008_010_004.npy,8
008_010_005.npy,8
009_001_005.npy,9
009_002_001.npy,9
009_002_002.npy,9
009_002_003.npy,9
009_002_004.npy,9
009_002_005.npy,9
009_003_003.npy,9
009_003_004.npy,9
009_003_005.npy,9
009_004_001.npy,9
009_004_002.npy,9
009_004_003.npy,9
009_004_004.npy,9
009_004_005.npy,9
009_005_003.npy,9
009_005_004.npy,9
009_005_005.npy,9
009_006_001.npy,9
009_006_002.npy,9
009_006_003.npy,9
009_006_004.npy,9
009_006_005.npy,9
009_007_001.npy,9
009_007_002.npy,9
009_007_003.npy,9
009_007_004.npy,9
009_007_005.npy,9
009_008_001.npy,9
009_008_002.npy,9
009_008_003.npy,9
009_008_004.npy,9
009_008_005.npy,9
009_009_001.npy,9
009_009_002.npy,9
009_009_003.npy,9
009_009_004.npy,9
009_009_005.npy,9
009_010_001.npy,9
009_010_002.npy,9
009_010_003.npy,9
009_010_004.npy,9
009_010_005.npy,9
010_001_001.npy,10
010_001_002.npy,10
010_001_003.npy,10
010_001_004.npy,10
010_001_005.npy,10
010_002_001.npy,10
010_002_002.npy,10
010_002_003.npy,10
010_002_004.npy,10
010_002_005.npy,10
010_003_001.npy,10
010_003_002.npy,10
010_004_001.npy,10
010_004_002.npy,10
010_004_003.npy,10
010_004_004.npy,10
010_004_005.npy,10
010_005_001.npy,10
010_005_002.npy,10
010_005_003.npy,10
010_005_005.npy,10
010_006_001.npy,10
010_006_002.npy,10
010_006_003.npy,10
010_006_004.npy,10
010_006_005.npy,10
010_007_001.npy,10
010_007_002.npy,10
010_007_003.npy,10
010_007_004.npy,10
010_007_005.npy,10
010_008_001.npy,10
010_008_002.npy,10
010_008_004.npy,10
010_008_005.npy,10
010_009_001.npy,10
010_009_002.npy,10
010_009_003.npy,10
010_009_004.npy,10
010_009_005.npy,10
010_010_001.npy,10
010_010_002.npy,10
010_010_003.npy,10
010_010_004.npy,10
010_010_005.npy,10
011_001_001.npy,11
011_001_002.npy,11
011_001_003.npy,11
011_001_004.npy,11
011_001_005.npy,11
011_002_001.npy,11
011_002_002.npy,11
011_002_003.npy,11
011_002_004.npy,11
011_002_005.npy,11
011_003_001.npy,11
011_003_002.npy,11
011_003_003.npy,11
011_003_004.npy,11
011_003_005.npy,11
011_004_001.npy,11
011_004_002.npy,11
011_004_003.npy,11
011_004_004.npy,11
011_004_005.npy,11
011_005_001.npy,11
011_005_002.npy,11
011_005_003.npy,11
011_005_004.npy,11
011_005_005.npy,11
011_006_001.npy,11
011_006_002.npy,11
011_006_003.npy,11
011_006_004.npy,11
011_006_005.npy,11
011_007_001.npy,11
011_007_002.npy,11
011_007_003.npy,11
011_007_004.npy,11
011_007_005.npy,11
011_008_001.npy,11
011_008_002.npy,11
011_008_004.npy,11
011_008_005.npy,11
011_009_001.npy,11
011_009_002.npy,11
011_009_003.npy,11
011_009_004.npy,11
011_009_005.npy,11
011_010_001.npy,11
011_010_002.npy,11
011_010_003.npy,11
011_010_004.npy,11
011_010_005.npy,11
012_002_002.npy,12
012_002_004.npy,12
012_004_001.npy,12
012_004_002.npy,12
012_004_003.npy,12
012_004_004.npy,12
012_004_005.npy,12
012_005_001.npy,12
012_005_002.npy,12
012_005_003.npy,12
012_005_004.npy,12
012_005_005.npy,12
012_006_001.npy,12
012_006_002.npy,12
012_006_003.npy,12
012_006_004.npy,12
012_006_005.npy,12
012_007_001.npy,12
012_007_002.npy,12
012_007_003.npy,12
012_007_004.npy,12
012_007_005.npy,12
012_010_003.npy,12
012_010_005.npy,12
013_001_001.npy,13
013_001_002.npy,13
013_001_003.npy,13
013_001_004.npy,13
013_001_005.npy,13
013_002_001.npy,13
013_002_002.npy,13
013_002_003.npy,13
013_002_004.npy,13
013_002_005.npy,13
013_003_001.npy,13
013_003_002.npy,13
013_003_003.npy,13
013_003_004.npy,13
013_003_005.npy,13
013_004_001.npy,13
013_004_002.npy,13
013_004_003.npy,13
013_004_004.npy,13
013_004_005.npy,13
013_005_001.npy,13
013_005_002.npy,13
013_005_003.npy,13
013_005_004.npy,13
013_005_005.npy,13
013_006_001.npy,13
013_006_002.npy,13
013_006_003.npy,13
013_006_004.npy,13
013_006_005.npy,13
013_007_001.npy,13
013_007_002.npy,13
013_007_003.npy,13
013_007_004.npy,13
013_007_005.npy,13
013_008_001.npy,13
013_008_002.npy,13
013_008_003.npy,13
013_008_004.npy,13
013_008_005.npy,13
013_009_001.npy,13
013_009_002.npy,13
013_009_003.npy,13
013_009_004.npy,13
013_009_005.npy,13
013_010_001.npy,13
013_010_002.npy,13
013_010_003.npy,13
013_010_004.npy,13
013_010_005.npy,13
014_001_001.npy,14
014_001_004.npy,14
014_002_001.npy,14
014_002_002.npy,14
014_002_003.npy,14
014_002_004.npy,14
014_002_005.npy,14
014_003_002.npy,14
014_003_005.npy,14
014_004_001.npy,14
014_004_002.npy,14
014_004_003.npy,14
014_004_004.npy,14
014_004_005.npy,14
014_006_001.npy,14
014_006_002.npy,14
014_006_003.npy,14
014_006_004.npy,14
014_006_005.npy,14
014_007_001.npy,14
014_007_002.npy,14
014_007_003.npy,14
014_007_004.npy,14
014_007_005.npy,14
014_008_002.npy,14
014_008_004.npy,14
014_008_005.npy,14
014_009_001.npy,14
014_009_002.npy,14
014_009_003.npy,14
014_009_004.npy,14
014_009_005.npy,14
014_010_001.npy,14
015_001_001.npy,15
015_001_002.npy,15
015_001_003.npy,15
015_001_004.npy,15
015_001_005.npy,15
015_002_001.npy,15
015_002_002.npy,15
015_002_003.npy,15
015_002_004.npy,15
015_002_005.npy,15
015_003_001.npy,15
015_003_002.npy,15
015_003_003.npy,15
015_003_004.npy,15
015_003_005.npy,15
015_004_001.npy,15
015_004_004.npy,15
015_004_005.npy,15
015_006_001.npy,15
015_006_002.npy,15
015_006_003.npy,15
015_006_004.npy,15
015_006_005.npy,15
015_007_001.npy,15
015_007_003.npy,15
015_007_005.npy,15
015_008_001.npy,15
015_008_002.npy,15
015_009_002.npy,15
015_009_005.npy,15
016_001_001.npy,16
016_001_002.npy,16
016_001_003.npy,16
016_001_004.npy,16
016_001_005.npy,16
016_002_001.npy,16
016_002_002.npy,16
016_002_003.npy,16
016_002_004.npy,16
016_002_005.npy,16
016_003_001.npy,16
016_003_002.npy,16
016_003_003.npy,16
016_003_004.npy,16
016_003_005.npy,16
016_004_001.npy,16
016_004_002.npy,16
016_004_003.npy,16
016_004_004.npy,16
016_004_005.npy,16
016_005_001.npy,16
016_005_002.npy,16
016_005_003.npy,16
016_005_004.npy,16
016_005_005.npy,16
016_006_001.npy,16
016_006_002.npy,16
016_006_003.npy,16
016_006_004.npy,16
016_006_005.npy,16
016_007_001.npy,16
016_007_002.npy,16
016_007_003.npy,16
016_007_004.npy,16
016_007_005.npy,16
016_008_001.npy,16
016_008_002.npy,16
016_008_003.npy,16
016_008_004.npy,16
016_008_005.npy,16
016_009_001.npy,16
016_009_002.npy,16
016_009_003.npy,16
016_009_004.npy,16
016_009_005.npy,16
016_010_001.npy,16
016_010_002.npy,16
016_010_003.npy,16
016_010_004.npy,16
016_010_005.npy,16
017_001_002.npy,17
017_002_001.npy,17
017_002_002.npy,17
017_002_003.npy,17
017_002_004.npy,17
017_002_005.npy,17
017_003_001.npy,17
017_003_002.npy,17
017_003_003.npy,17
017_003_004.npy,17
017_003_005.npy,17
017_004_001.npy,17
017_004_002.npy,17
017_004_003.npy,17
017_004_004.npy,17
017_004_005.npy,17
017_005_001.npy,17
017_005_002.npy,17
017_005_003.npy,17
017_005_004.npy,17
017_005_005.npy,17
017_006_001.npy,17
017_006_002.npy,17
017_006_003.npy,17
017_006_004.npy,17
017_006_005.npy,17
017_007_001.npy,17
017_007_002.npy,17
017_007_003.npy,17
017_007_004.npy,17
017_007_005.npy,17
017_008_001.npy,17
017_008_002.npy,17
017_008_003.npy,17
017_008_004.npy,17
017_008_005.npy,17
017_009_001.npy,17
017_009_002.npy,17
017_009_003.npy,17
017_009_004.npy,17
017_009_005.npy,17
017_010_001.npy,17
017_010_002.npy,17
017_010_003.npy,17
017_010_004.npy,17
017_010_005.npy,17
018_001_001.npy,18
018_001_002.npy,18
018_001_003.npy,18
018_001_004.npy,18
018_001_005.npy,18
018_002_001.npy,18
018_002_002.npy,18
018_002_003.npy,18
018_002_004.npy,18
018_002_005.npy,18
018_003_001.npy,18
018_003_002.npy,18
018_003_003.npy,18
018_003_004.npy,18
018_003_005.npy,18
018_004_001.npy,18
018_004_002.npy,18
018_004_003.npy,18
018_004_004.npy,18
018_004_005.npy,18
018_005_001.npy,18
018_005_002.npy,18
018_005_003.npy,18
018_005_004.npy,18
018_005_005.npy,18
018_006_001.npy,18
018_006_002.npy,18
018_006_003.npy,18
018_006_004.npy,18
018_006_005.npy,18
018_007_001.npy,18
018_007_002.npy,18
018_007_003.npy,18
018_007_004.npy,18
018_007_005.npy,18
018_008_001.npy,18
018_008_002.npy,18
018_008_003.npy,18
018_008_004.npy,18
018_008_005.npy,18
018_009_001.npy,18
018_009_002.npy,18
018_009_003.npy,18
018_009_004.npy,18
018_009_005.npy,18
018_010_001.npy,18
018_010_002.npy,18
018_010_003.npy,18
018_010_004.npy,18
018_010_005.npy,18
019_001_001.npy,19
019_001_002.npy,19
019_001_003.npy,19
019_001_004.npy,19
019_001_005.npy,19
019_002_001.npy,19
019_002_002.npy,19
019_002_003.npy,19
019_002_004.npy,19
019_002_005.npy,19
019_003_001.npy,19
019_003_002.npy,19
019_003_003.npy,19
019_003_004.npy,19
019_003_005.npy,19
019_004_001.npy,19
019_004_002.npy,19
019_004_003.npy,19
019_004_004.npy,19
019_004_005.npy,19
019_005_001.npy,19
019_005_002.npy,19
019_005_003.npy,19
019_005_004.npy,19
019_005_005.npy,19
019_006_001.npy,19
019_006_002.npy,19
019_006_003.npy,19
019_006_004.npy,19
019_006_005.npy,19
019_007_001.npy,19
019_007_002.npy,19
019_007_003.npy,19
019_007_004.npy,19
019_007_005.npy,19
019_008_001.npy,19
019_008_002.npy,19
019_008_003.npy,19
019_008_004.npy,19
019_008_005.npy,19
019_009_001.npy,19
019_009_002.npy,19
019_009_003.npy,19
019_009_004.npy,19
019_009_005.npy,19
019_010_001.npy,19
019_010_002.npy,19
019_010_003.npy,19
019_010_004.npy,19
019_010_005.npy,19
020_001_001.npy,20
020_001_002.npy,20
020_001_003.npy,20
020_001_004.npy,20
020_001_005.npy,20
020_002_001.npy,20
020_002_002.npy,20
020_002_003.npy,20
020_002_004.npy,20
020_002_005.npy,20
020_003_001.npy,20
020_003_002.npy,20
020_003_003.npy,20
020_003_004.npy,20
020_003_005.npy,20
020_004_001.npy,20
020_004_002.npy,20
020_004_003.npy,20
020_004_004.npy,20
020_004_005.npy,20
020_005_001.npy,20
020_005_002.npy,20
020_005_003.npy,20
020_005_004.npy,20
020_005_005.npy,20
020_006_001.npy,20
020_006_002.npy,20
020_006_003.npy,20
020_006_004.npy,20
020_006_005.npy,20
020_007_001.npy,20
020_007_002.npy,20
020_007_003.npy,20
020_007_004.npy,20
020_007_005.npy,20
020_008_001.npy,20
020_008_002.npy,20
020_008_003.npy,20
020_008_004.npy,20
020_008_005.npy,20
020_009_001.npy,20
020_009_002.npy,20
020_009_003.npy,20
020_009_004.npy,20
020_009_005.npy,20
020_010_001.npy,20
020_010_002.npy,20
020_010_003.npy,20
020_010_004.npy,20
020_010_005.npy,20
021_001_001.npy,21
021_001_002.npy,21
021_001_003.npy,21
021_001_004.npy,21
021_001_005.npy,21
021_002_001.npy,21
021_002_002.npy,21
021_002_003.npy,21
021_002_004.npy,21
021_002_005.npy,21
021_003_001.npy,21
021_003_002.npy,21
021_003_003.npy,21
021_003_004.npy,21
021_003_005.npy,21
021_004_001.npy,21
021_004_002.npy,21
021_004_003.npy,21
021_004_004.npy,21
021_004_005.npy,21
021_005_001.npy,21
021_005_002.npy,21
021_005_003.npy,21
021_005_004.npy,21
021_005_005.npy,21
021_006_001.npy,21
021_006_002.npy,21
021_006_003.npy,21
021_006_004.npy,21
021_006_005.npy,21
021_007_001.npy,21
021_007_002.npy,21
021_007_003.npy,21
021_007_004.npy,21
021_007_005.npy,21
021_008_001.npy,21
021_008_002.npy,21
021_008_003.npy,21
021_008_004.npy,21
021_008_005.npy,21
021_009_001.npy,21
021_009_002.npy,21
021_009_003.npy,21
021_009_004.npy,21
021_009_005.npy,21
021_010_001.npy,21
021_010_002.npy,21
021_010_003.npy,21
021_010_004.npy,21
021_010_005.npy,21
022_001_001.npy,22
022_001_002.npy,22
022_001_003.npy,22
022_001_004.npy,22
022_001_005.npy,22
022_002_001.npy,22
022_002_002.npy,22
022_002_003.npy,22
022_002_004.npy,22
022_002_005.npy,22
022_003_001.npy,22
022_003_002.npy,22
022_003_003.npy,22
022_003_004.npy,22
022_003_005.npy,22
022_004_001.npy,22
022_004_002.npy,22
022_004_003.npy,22
022_004_004.npy,22
022_004_005.npy,22
022_005_001.npy,22
022_005_002.npy,22
022_005_003.npy,22
022_005_004.npy,22
022_005_005.npy,22
022_006_001.npy,22
022_006_002.npy,22
022_006_003.npy,22
022_006_004.npy,22
022_006_005.npy,22
022_007_001.npy,22
022_007_002.npy,22
022_007_003.npy,22
022_007_004.npy,22
022_007_005.npy,22
022_008_001.npy,22
022_008_002.npy,22
022_008_003.npy,22
022_008_004.npy,22
022_008_005.npy,22
022_009_001.npy,22
022_009_002.npy,22
022_009_003.npy,22
022_009_004.npy,22
022_009_005.npy,22
022_010_001.npy,22
022_010_002.npy,22
022_010_003.npy,22
022_010_004.npy,22
022_010_005.npy,22
023_001_001.npy,23
023_001_002.npy,23
023_001_003.npy,23
023_001_004.npy,23
023_001_005.npy,23
023_002_001.npy,23
023_002_002.npy,23
023_002_003.npy,23
023_002_004.npy,23
023_002_005.npy,23
023_003_001.npy,23
023_003_002.npy,23
023_003_003.npy,23
023_003_004.npy,23
023_003_005.npy,23
023_004_001.npy,23
023_004_002.npy,23
023_004_003.npy,23
023_004_004.npy,23
023_004_005.npy,23
023_005_001.npy,23
023_005_004.npy,23
023_005_005.npy,23
023_006_001.npy,23
023_006_002.npy,23
023_006_003.npy,23
023_006_004.npy,23
023_007_001.npy,23
023_007_002.npy,23
023_007_003.npy,23
023_007_004.npy,23
023_007_005.npy,23
023_008_002.npy,23
023_008_003.npy,23
023_008_004.npy,23
023_008_005.npy,23
023_009_001.npy,23
023_009_002.npy,23
023_009_003.npy,23
023_009_004.npy,23
023_009_005.npy,23
023_010_005.npy,23
024_001_001.npy,24
024_001_002.npy,24
024_001_003.npy,24
024_001_004.npy,24
024_001_005.npy,24
024_002_001.npy,24
024_002_002.npy,24
024_002_003.npy,24
024_002_004.npy,24
024_002_005.npy,24
024_003_001.npy,24
024_003_002.npy,24
024_003_003.npy,24
024_003_004.npy,24
024_003_005.npy,24
024_004_001.npy,24
024_004_002.npy,24
024_004_003.npy,24
024_004_004.npy,24
024_004_005.npy,24
024_005_001.npy,24
024_005_002.npy,24
024_005_003.npy,24
024_005_004.npy,24
024_005_005.npy,24
024_006_001.npy,24
024_006_002.npy,24
024_006_003.npy,24
024_006_004.npy,24
024_006_005.npy,24
024_007_001.npy,24
024_007_002.npy,24
024_007_003.npy,24
024_007_004.npy,24
024_007_005.npy,24
024_008_001.npy,24
024_008_002.npy,24
024_008_003.npy,24
024_008_004.npy,24
024_008_005.npy,24
024_009_001.npy,24
024_009_002.npy,24
024_009_003.npy,24
024_009_004.npy,24
024_009_005.npy,24
024_010_001.npy,24
024_010_002.npy,24
024_010_003.npy,24
024_010_004.npy,24
024_010_005.npy,24
025_001_001.npy,25
025_001_002.npy,25
025_001_003.npy,25
025_001_004.npy,25
025_001_005.npy,25
025_002_001.npy,25
025_002_002.npy,25
025_002_003.npy,25
025_002_004.npy,25
025_002_005.npy,25
025_003_001.npy,25
025_003_002.npy,25
025_003_003.npy,25
025_003_004.npy,25
025_003_005.npy,25
025_004_001.npy,25
025_004_002.npy,25
025_004_003.npy,25
025_004_004.npy,25
025_004_005.npy,25
025_005_001.npy,25
025_005_002.npy,25
025_005_003.npy,25
025_005_004.npy,25
025_005_005.npy,25
025_006_001.npy,25
025_006_002.npy,25
025_006_003.npy,25
025_006_004.npy,25
025_006_005.npy,25
025_007_001.npy,25
025_007_002.npy,25
025_007_003.npy,25
025_007_004.npy,25
025_007_005.npy,25
025_008_001.npy,25
025_008_002.npy,25
025_008_003.npy,25
025_008_004.npy,25
025_008_005.npy,25
025_009_001.npy,25
025_009_002.npy,25
025_009_003.npy,25
025_009_004.npy,25
025_009_005.npy,25
025_010_001.npy,25
025_010_002.npy,25
025_010_003.npy,25
025_010_004.npy,25
025_010_005.npy,25
026_001_001.npy,26
026_001_002.npy,26
026_001_003.npy,26
026_001_004.npy,26
026_001_005.npy,26
026_002_001.npy,26
026_002_002.npy,26
026_002_003.npy,26
026_002_004.npy,26
026_002_005.npy,26
026_003_001.npy,26
026_003_002.npy,26
026_003_003.npy,26
026_003_004.npy,26
026_003_005.npy,26
026_004_001.npy,26
026_004_002.npy,26
026_004_003.npy,26
026_004_004.npy,26
026_004_005.npy,26
026_005_001.npy,26
026_005_002.npy,26
026_005_003.npy,26
026_005_004.npy,26
026_005_005.npy,26
026_006_001.npy,26
026_006_002.npy,26
026_006_003.npy,26
026_006_004.npy,26
026_006_005.npy,26
026_007_001.npy,26
026_007_002.npy,26
026_007_003.npy,26
026_007_004.npy,26
026_007_005.npy,26
026_008_001.npy,26
026_008_002.npy,26
026_008_003.npy,26
026_008_004.npy,26
026_008_005.npy,26
026_009_001.npy,26
026_009_002.npy,26
026_009_003.npy,26
026_009_004.npy,26
026_009_005.npy,26
026_010_001.npy,26
026_010_002.npy,26
026_010_003.npy,26
026_010_004.npy,26
026_010_005.npy,26
027_001_001.npy,27
027_001_002.npy,27
027_001_003.npy,27
027_001_004.npy,27
027_001_005.npy,27
027_002_001.npy,27
027_002_002.npy,27
027_002_003.npy,27
027_002_004.npy,27
027_002_005.npy,27
027_003_001.npy,27
027_003_002.npy,27
027_003_003.npy,27
027_003_004.npy,27
027_003_005.npy,27
027_004_001.npy,27
027_004_002.npy,27
027_004_003.npy,27
027_004_004.npy,27
027_004_005.npy,27
027_005_001.npy,27
027_005_002.npy,27
027_005_003.npy,27
027_005_004.npy,27
027_005_005.npy,27
027_006_001.npy,27
027_006_002.npy,27
027_006_003.npy,27
027_006_004.npy,27
027_006_005.npy,27
027_007_001.npy,27
027_007_002.npy,27
027_007_003.npy,27
027_007_004.npy,27
027_007_005.npy,27
027_008_001.npy,27
027_008_002.npy,27
027_008_003.npy,27
027_008_004.npy,27
027_008_005.npy,27
027_009_001.npy,27
027_009_002.npy,27
027_009_003.npy,27
027_009_004.npy,27
027_009_005.npy,27
027_010_001.npy,27
027_010_002.npy,27
027_010_003.npy,27
027_010_004.npy,27
027_010_005.npy,27
028_001_001.npy,28
028_001_002.npy,28
028_001_003.npy,28
028_001_004.npy,28
028_001_005.npy,28
028_002_001.npy,28
028_002_002.npy,28
028_002_003.npy,28
028_002_004.npy,28
028_002_005.npy,28
028_003_001.npy,28
028_003_002.npy,28
028_003_003.npy,28
028_003_004.npy,28
028_003_005.npy,28
028_004_005.npy,28
028_005_001.npy,28
028_005_002.npy,28
028_005_003.npy,28
028_005_004.npy,28
028_005_005.npy,28
028_006_001.npy,28
028_006_002.npy,28
028_006_003.npy,28
028_006_004.npy,28
028_006_005.npy,28
028_007_001.npy,28
028_007_002.npy,28
028_007_003.npy,28
028_007_004.npy,28
028_007_005.npy,28
028_008_001.npy,28
028_008_002.npy,28
028_008_003.npy,28
028_008_004.npy,28
028_008_005.npy,28
028_009_001.npy,28
028_009_002.npy,28
028_009_003.npy,28
028_009_004.npy,28
028_009_005.npy,28
029_001_001.npy,29
029_001_002.npy,29
029_001_003.npy,29
029_001_004.npy,29
029_001_005.npy,29
029_002_001.npy,29
029_002_002.npy,29
029_002_003.npy,29
029_002_004.npy,29
029_002_005.npy,29
029_003_001.npy,29
029_003_002.npy,29
029_003_003.npy,29
029_003_004.npy,29
029_003_005.npy,29
029_004_002.npy,29
029_004_003.npy,29
029_004_004.npy,29
029_004_005.npy,29
029_005_001.npy,29
029_005_002.npy,29
029_005_003.npy,29
029_005_004.npy,29
029_005_005.npy,29
029_006_001.npy,29
029_006_002.npy,29
029_006_003.npy,29
029_006_004.npy,29
029_006_005.npy,29
029_007_001.npy,29
029_007_002.npy,29
029_007_003.npy,29
029_007_004.npy,29
029_007_005.npy,29
029_009_002.npy,29
029_009_003.npy,29
029_009_004.npy,29
029_009_005.npy,29
029_010_001.npy,29
029_010_002.npy,29
029_010_004.npy,29
029_010_005.npy,29
030_001_001.npy,30
030_001_002.npy,30
030_001_003.npy,30
030_001_004.npy,30
030_001_005.npy,30
030_002_001.npy,30
030_002_002.npy,30
030_002_003.npy,30
030_002_004.npy,30
030_002_005.npy,30
030_003_001.npy,30
030_003_002.npy,30
030_003_003.npy,30
030_003_004.npy,30
030_003_005.npy,30
030_004_001.npy,30
030_004_002.npy,30
030_004_003.npy,30
030_004_004.npy,30
030_004_005.npy,30
030_005_001.npy,30
030_005_002.npy,30
030_005_003.npy,30
030_005_004.npy,30
030_005_005.npy,30
030_006_001.npy,30
030_006_002.npy,30
030_006_003.npy,30
030_006_004.npy,30
030_006_005.npy,30
030_007_001.npy,30
030_007_002.npy,30
030_007_003.npy,30
030_007_004.npy,30
030_007_005.npy,30
030_008_001.npy,30
030_008_002.npy,30
030_008_003.npy,30
030_008_004.npy,30
030_008_005.npy,30
030_009_001.npy,30
030_009_002.npy,30
030_009_003.npy,30
030_009_004.npy,30
030_009_005.npy,30
030_010_001.npy,30
030_010_002.npy,30
030_010_003.npy,30
030_010_004.npy,30
030_010_005.npy,30
031_001_001.npy,31
031_001_002.npy,31
031_001_003.npy,31
031_001_004.npy,31
031_001_005.npy,31
031_002_001.npy,31
031_002_002.npy,31
031_002_003.npy,31
031_002_004.npy,31
031_002_005.npy,31
031_003_001.npy,31
031_003_002.npy,31
031_003_003.npy,31
031_003_004.npy,31
031_003_005.npy,31
031_004_001.npy,31
031_004_002.npy,31
031_004_003.npy,31
031_004_004.npy,31
031_004_005.npy,31
031_005_002.npy,31
031_005_003.npy,31
031_005_004.npy,31
031_005_005.npy,31
031_006_001.npy,31
031_006_002.npy,31
031_006_003.npy,31
031_006_004.npy,31
031_006_005.npy,31
031_007_001.npy,31
031_007_002.npy,31
031_007_003.npy,31
031_007_004.npy,31
031_007_005.npy,31
031_008_001.npy,31
031_008_002.npy,31
031_008_003.npy,31
031_008_004.npy,31
031_008_005.npy,31
031_009_001.npy,31
031_009_002.npy,31
031_009_003.npy,31
031_009_004.npy,31
031_009_005.npy,31
031_010_001.npy,31
031_010_002.npy,31
031_010_003.npy,31
031_010_004.npy,31
031_010_005.npy,31
032_001_001.npy,32
032_001_002.npy,32
032_001_003.npy,32
032_001_004.npy,32
032_001_005.npy,32
032_002_001.npy,32
032_002_002.npy,32
032_002_003.npy,32
032_002_004.npy,32
032_002_005.npy,32
032_003_001.npy,32
032_003_003.npy,32
032_003_004.npy,32
032_003_005.npy,32
032_004_002.npy,32
032_004_003.npy,32
032_004_004.npy,32
032_004_005.npy,32
032_005_001.npy,32
032_005_002.npy,32
032_005_003.npy,32
032_005_004.npy,32
032_005_005.npy,32
032_006_001.npy,32
032_006_002.npy,32
032_006_003.npy,32
032_006_004.npy,32
032_006_005.npy,32
032_007_001.npy,32
032_007_002.npy,32
032_007_003.npy,32
032_007_004.npy,32
032_007_005.npy,32
032_008_001.npy,32
032_008_002.npy,32
032_008_003.npy,32
032_008_004.npy,32
032_008_005.npy,32
032_009_001.npy,32
032_009_002.npy,32
032_009_003.npy,32
032_009_004.npy,32
032_009_005.npy,32
032_010_001.npy,32
032_010_002.npy,32
032_010_003.npy,32
032_010_004.npy,32
032_010_005.npy,32
033_001_001.npy,33
033_001_002.npy,33
033_001_003.npy,33
033_002_001.npy,33
033_002_002.npy,33
033_002_003.npy,33
033_002_004.npy,33
033_002_005.npy,33
033_003_001.npy,33
033_003_002.npy,33
033_003_003.npy,33
033_003_004.npy,33
033_003_005.npy,33
033_004_001.npy,33
033_004_002.npy,33
033_004_003.npy,33
033_004_004.npy,33
033_005_001.npy,33
033_005_002.npy,33
033_005_003.npy,33
033_005_004.npy,33
033_005_005.npy,33
033_007_001.npy,33
033_007_002.npy,33
033_007_003.npy,33
033_007_004.npy,33
033_007_005.npy,33
033_008_001.npy,33
033_008_003.npy,33
033_008_004.npy,33
033_008_005.npy,33
033_009_001.npy,33
033_009_002.npy,33
033_009_003.npy,33
033_009_004.npy,33
033_009_005.npy,33
033_010_001.npy,33
033_010_002.npy,33
033_010_003.npy,33
033_010_004.npy,33
033_010_005.npy,33
034_001_001.npy,34
034_001_002.npy,34
034_001_003.npy,34
034_001_004.npy,34
034_001_005.npy,34
034_002_001.npy,34
034_002_002.npy,34
034_002_003.npy,34
034_002_004.npy,34
034_002_005.npy,34
034_003_001.npy,34
034_003_002.npy,34
034_003_003.npy,34
034_003_004.npy,34
034_003_005.npy,34
034_004_001.npy,34
034_004_002.npy,34
034_004_003.npy,34
034_004_004.npy,34
034_004_005.npy,34
034_005_001.npy,34
034_005_002.npy,34
034_005_003.npy,34
034_005_004.npy,34
034_005_005.npy,34
034_006_001.npy,34
034_006_002.npy,34
034_006_003.npy,34
034_006_004.npy,34
034_006_005.npy,34
034_007_001.npy,34
034_007_002.npy,34
034_007_003.npy,34
034_007_004.npy,34
034_007_005.npy,34
034_008_001.npy,34
034_008_002.npy,34
034_008_003.npy,34
034_008_004.npy,34
034_008_005.npy,34
034_009_001.npy,34
034_009_002.npy,34
034_009_003.npy,34
034_009_004.npy,34
034_009_005.npy,34
034_010_001.npy,34
034_010_002.npy,34
034_010_003.npy,34
034_010_004.npy,34
034_010_005.npy,34
035_001_001.npy,35
035_001_002.npy,35
035_001_003.npy,35
035_001_004.npy,35
035_001_005.npy,35
035_002_001.npy,35
035_002_002.npy,35
035_002_003.npy,35
035_002_004.npy,35
035_002_005.npy,35
035_003_001.npy,35
035_003_002.npy,35
035_003_004.npy,35
035_003_005.npy,35
035_004_001.npy,35
035_004_002.npy,35
035_004_003.npy,35
035_004_004.npy,35
035_004_005.npy,35
035_005_001.npy,35
035_005_002.npy,35
035_005_003.npy,35
035_005_004.npy,35
035_005_005.npy,35
035_006_001.npy,35
035_006_002.npy,35
035_006_003.npy,35
035_006_004.npy,35
035_006_005.npy,35
035_007_001.npy,35
035_007_002.npy,35
035_007_003.npy,35
035_007_004.npy,35
035_007_005.npy,35
035_008_001.npy,35
035_008_002.npy,35
035_008_003.npy,35
035_008_004.npy,35
035_008_005.npy,35
035_009_001.npy,35
035_009_002.npy,35
035_009_003.npy,35
035_009_004.npy,35
035_009_005.npy,35
035_010_001.npy,35
035_010_002.npy,35
035_010_003.npy,35
035_010_004.npy,35
035_010_005.npy,35
036_001_001.npy,36
036_001_002.npy,36
036_001_003.npy,36
036_001_004.npy,36
036_001_005.npy,36
036_002_001.npy,36
036_002_002.npy,36
036_002_003.npy,36
036_002_004.npy,36
036_002_005.npy,36
036_003_001.npy,36
036_003_002.npy,36
036_003_003.npy,36
036_003_004.npy,36
036_003_005.npy,36
036_004_001.npy,36
036_004_002.npy,36
036_004_003.npy,36
036_004_004.npy,36
036_004_005.npy,36
036_005_001.npy,36
036_005_002.npy,36
036_005_003.npy,36
036_005_004.npy,36
036_005_005.npy,36
036_006_001.npy,36
036_006_002.npy,36
036_006_003.npy,36
036_006_004.npy,36
036_006_005.npy,36
036_007_001.npy,36
036_007_002.npy,36
036_007_003.npy,36
036_007_004.npy,36
036_007_005.npy,36
036_008_001.npy,36
036_008_002.npy,36
036_008_003.npy,36
036_008_004.npy,36
036_008_005.npy,36
036_009_001.npy,36
036_009_002.npy,36
036_009_003.npy,36
036_009_004.npy,36
036_009_005.npy,36
036_010_001.npy,36
036_010_002.npy,36
036_010_003.npy,36
036_010_004.npy,36
036_010_005.npy,36
037_001_001.npy,37
037_001_002.npy,37
037_001_003.npy,37
037_001_004.npy,37
037_001_005.npy,37
037_002_001.npy,37
037_002_002.npy,37
037_002_003.npy,37
037_002_004.npy,37
037_002_005.npy,37
037_003_001.npy,37
037_003_002.npy,37
037_003_003.npy,37
037_003_004.npy,37
037_003_005.npy,37
037_004_001.npy,37
037_004_002.npy,37
037_004_003.npy,37
037_004_004.npy,37
037_004_005.npy,37
037_005_001.npy,37
037_005_002.npy,37
037_005_003.npy,37
037_005_004.npy,37
037_005_005.npy,37
037_006_001.npy,37
037_006_002.npy,37
037_006_003.npy,37
037_006_004.npy,37
037_006_005.npy,37
037_007_001.npy,37
037_007_002.npy,37
037_007_003.npy,37
037_007_004.npy,37
037_007_005.npy,37
037_008_001.npy,37
037_008_002.npy,37
037_008_003.npy,37
037_008_004.npy,37
037_008_005.npy,37
037_009_001.npy,37
037_009_002.npy,37
037_009_003.npy,37
037_009_004.npy,37
037_009_005.npy,37
037_010_001.npy,37
037_010_002.npy,37
037_010_003.npy,37
037_010_004.npy,37
037_010_005.npy,37
038_001_001.npy,38
038_001_002.npy,38
038_001_003.npy,38
038_001_004.npy,38
038_001_005.npy,38
038_002_001.npy,38
038_002_002.npy,38
038_002_003.npy,38
038_002_004.npy,38
038_002_005.npy,38
038_003_001.npy,38
038_003_002.npy,38
038_003_003.npy,38
038_003_004.npy,38
038_003_005.npy,38
038_004_001.npy,38
038_004_002.npy,38
038_004_003.npy,38
038_004_004.npy,38
038_004_005.npy,38
038_005_001.npy,38
038_005_002.npy,38
038_005_003.npy,38
038_005_004.npy,38
038_005_005.npy,38
038_006_001.npy,38
038_006_002.npy,38
038_006_003.npy,38
038_006_004.npy,38
038_006_005.npy,38
038_007_001.npy,38
038_007_002.npy,38
038_007_003.npy,38
038_007_004.npy,38
038_007_005.npy,38
038_008_001.npy,38
038_008_002.npy,38
038_008_003.npy,38
038_008_004.npy,38
038_008_005.npy,38
038_009_001.npy,38
038_009_002.npy,38
038_009_003.npy,38
038_009_004.npy,38
038_009_005.npy,38
038_010_001.npy,38
038_010_002.npy,38
038_010_003.npy,38
038_010_004.npy,38
038_010_005.npy,38
039_001_001.npy,39
039_001_002.npy,39
039_001_003.npy,39
039_001_004.npy,39
039_001_005.npy,39
039_002_001.npy,39
039_002_002.npy,39
039_002_003.npy,39
039_002_004.npy,39
039_002_005.npy,39
039_003_002.npy,39
039_003_003.npy,39
039_003_004.npy,39
039_003_005.npy,39
039_004_001.npy,39
039_004_002.npy,39
039_004_003.npy,39
039_004_004.npy,39
039_004_005.npy,39
039_005_001.npy,39
039_005_002.npy,39
039_005_003.npy,39
039_005_004.npy,39
039_005_005.npy,39
039_006_001.npy,39
039_006_002.npy,39
039_006_003.npy,39
039_006_004.npy,39
039_006_005.npy,39
039_007_001.npy,39
039_007_002.npy,39
039_007_003.npy,39
039_007_004.npy,39
039_007_005.npy,39
039_008_001.npy,39
039_008_002.npy,39
039_008_003.npy,39
039_008_004.npy,39
039_008_005.npy,39
039_009_001.npy,39
039_009_002.npy,39
039_009_003.npy,39
039_009_004.npy,39
039_009_005.npy,39
039_010_001.npy,39
039_010_002.npy,39
039_010_003.npy,39
039_010_004.npy,39
039_010_005.npy,39
040_001_001.npy,40
040_001_005.npy,40
040_002_001.npy,40
040_002_002.npy,40
040_002_003.npy,40
040_002_004.npy,40
040_002_005.npy,40
040_003_004.npy,40
040_004_002.npy,40
040_004_003.npy,40
040_004_004.npy,40
040_004_005.npy,40
040_006_002.npy,40
040_006_003.npy,40
040_006_004.npy,40
040_008_001.npy,40
040_008_002.npy,40
040_008_003.npy,40
040_008_004.npy,40
040_008_005.npy,40
040_009_001.npy,40
040_009_002.npy,40
040_009_003.npy,40
040_009_004.npy,40
040_009_005.npy,40
040_010_001.npy,40
040_010_002.npy,40
040_010_003.npy,40
040_010_004.npy,40
040_010_005.npy,40
041_001_001.npy,41
041_001_002.npy,41
041_001_003.npy,41
041_001_004.npy,41
041_001_005.npy,41
041_002_001.npy,41
041_002_002.npy,41
041_002_003.npy,41
041_002_004.npy,41
041_002_005.npy,41
041_003_001.npy,41
041_003_002.npy,41
041_003_003.npy,41
041_003_004.npy,41
041_004_001.npy,41
041_004_002.npy,41
041_004_003.npy,41
041_004_004.npy,41
041_004_005.npy,41
041_005_001.npy,41
041_005_002.npy,41
041_006_001.npy,41
041_006_002.npy,41
041_006_003.npy,41
041_006_004.npy,41
041_006_005.npy,41
041_007_001.npy,41
041_007_002.npy,41
041_007_003.npy,41
041_007_004.npy,41
041_007_005.npy,41
041_008_001.npy,41
041_008_002.npy,41
041_008_003.npy,41
041_008_004.npy,41
041_008_005.npy,41
041_009_001.npy,41
041_009_002.npy,41
041_009_003.npy,41
041_009_004.npy,41
041_009_005.npy,41
041_010_001.npy,41
042_001_001.npy,42
042_001_002.npy,42
042_001_003.npy,42
042_001_004.npy,42
042_001_005.npy,42
042_002_001.npy,42
042_002_002.npy,42
042_002_003.npy,42
042_002_004.npy,42
042_002_005.npy,42
042_003_001.npy,42
042_003_002.npy,42
042_003_003.npy,42
042_003_004.npy,42
042_003_005.npy,42
042_004_001.npy,42
042_004_002.npy,42
042_004_003.npy,42
042_004_004.npy,42
042_004_005.npy,42
042_005_001.npy,42
042_005_002.npy,42
042_005_003.npy,42
042_005_004.npy,42
042_005_005.npy,42
042_006_001.npy,42
042_006_002.npy,42
042_006_003.npy,42
042_006_004.npy,42
042_006_005.npy,42
042_007_001.npy,42
042_007_002.npy,42
042_007_003.npy,42
042_007_004.npy,42
042_007_005.npy,42
042_008_001.npy,42
042_008_002.npy,42
042_008_003.npy,42
042_008_004.npy,42
042_008_005.npy,42
042_009_001.npy,42
042_009_002.npy,42
042_009_003.npy,42
042_009_004.npy,42
042_009_005.npy,42
042_010_001.npy,42
042_010_002.npy,42
042_010_003.npy,42
042_010_004.npy,42
042_010_005.npy,42
043_001_001.npy,43
043_001_002.npy,43
043_001_003.npy,43
043_001_004.npy,43
043_001_005.npy,43
043_002_001.npy,43
043_002_002.npy,43
043_002_003.npy,43
043_002_004.npy,43
043_002_005.npy,43
043_003_001.npy,43
043_003_002.npy,43
043_003_003.npy,43
043_003_004.npy,43
043_003_005.npy,43
043_004_001.npy,43
043_004_002.npy,43
043_004_003.npy,43
043_004_004.npy,43
043_004_005.npy,43
043_005_001.npy,43
043_005_002.npy,43
043_005_003.npy,43
043_005_004.npy,43
043_005_005.npy,43
043_006_001.npy,43
043_006_002.npy,43
043_006_003.npy,43
043_006_004.npy,43
043_006_005.npy,43
043_007_001.npy,43
043_007_002.npy,43
043_007_003.npy,43
043_007_004.npy,43
043_007_005.npy,43
043_008_001.npy,43
043_008_002.npy,43
043_008_003.npy,43
043_008_004.npy,43
043_008_005.npy,43
043_009_001.npy,43
043_009_002.npy,43
043_009_003.npy,43
043_009_004.npy,43
043_009_005.npy,43
043_010_001.npy,43
043_010_002.npy,43
043_010_003.npy,43
043_010_004.npy,43
043_010_005.npy,43
044_001_001.npy,44
044_001_002.npy,44
044_001_003.npy,44
044_001_004.npy,44
044_001_005.npy,44
044_002_001.npy,44
044_002_002.npy,44
044_002_003.npy,44
044_002_004.npy,44
044_002_005.npy,44
044_004_001.npy,44
044_004_002.npy,44
044_004_003.npy,44
044_004_004.npy,44
044_004_005.npy,44
044_005_001.npy,44
044_005_002.npy,44
044_005_003.npy,44
044_005_004.npy,44
044_005_005.npy,44
044_006_001.npy,44
044_006_002.npy,44
044_006_003.npy,44
044_006_004.npy,44
044_006_005.npy,44
044_007_001.npy,44
044_007_002.npy,44
044_007_003.npy,44
044_007_004.npy,44
044_007_005.npy,44
044_009_001.npy,44
044_009_002.npy,44
044_009_003.npy,44
044_009_004.npy,44
044_009_005.npy,44
044_010_001.npy,44
044_010_002.npy,44
045_001_001.npy,45
045_001_002.npy,45
045_001_003.npy,45
045_001_004.npy,45
045_001_005.npy,45
045_002_001.npy,45
045_002_002.npy,45
045_002_003.npy,45
045_002_004.npy,45
045_002_005.npy,45
045_003_001.npy,45
045_003_002.npy,45
045_003_003.npy,45
045_003_004.npy,45
045_003_005.npy,45
045_004_001.npy,45
045_004_002.npy,45
045_004_003.npy,45
045_004_004.npy,45
045_004_005.npy,45
045_005_001.npy,45
045_005_002.npy,45
045_005_003.npy,45
045_005_004.npy,45
045_005_005.npy,45
045_006_001.npy,45
045_006_002.npy,45
045_006_003.npy,45
045_006_004.npy,45
045_006_005.npy,45
045_007_001.npy,45
045_007_002.npy,45
045_007_003.npy,45
045_007_004.npy,45
045_007_005.npy,45
045_008_001.npy,45
045_008_002.npy,45
045_008_003.npy,45
045_008_004.npy,45
045_008_005.npy,45
045_009_001.npy,45
045_009_002.npy,45
045_009_003.npy,45
045_009_004.npy,45
045_009_005.npy,45
045_010_001.npy,45
045_010_002.npy,45
045_010_003.npy,45
045_010_004.npy,45
045_010_005.npy,45
046_001_001.npy,46
046_001_002.npy,46
046_001_003.npy,46
046_001_004.npy,46
046_001_005.npy,46
046_002_001.npy,46
046_002_002.npy,46
046_002_003.npy,46
046_002_004.npy,46
046_002_005.npy,46
046_003_001.npy,46
046_003_002.npy,46
046_003_003.npy,46
046_003_004.npy,46
046_003_005.npy,46
046_004_001.npy,46
046_004_002.npy,46
046_004_003.npy,46
046_004_004.npy,46
046_004_005.npy,46
046_005_001.npy,46
046_005_002.npy,46
046_005_003.npy,46
046_005_004.npy,46
046_005_005.npy,46
046_006_001.npy,46
046_006_002.npy,46
046_006_003.npy,46
046_006_004.npy,46
046_006_005.npy,46
046_007_001.npy,46
046_007_002.npy,46
046_007_003.npy,46
046_007_004.npy,46
046_007_005.npy,46
046_008_001.npy,46
046_008_002.npy,46
046_008_003.npy,46
046_008_004.npy,46
046_008_005.npy,46
046_009_001.npy,46
046_009_002.npy,46
046_009_003.npy,46
046_009_004.npy,46
046_009_005.npy,46
046_010_001.npy,46
046_010_002.npy,46
046_010_003.npy,46
046_010_004.npy,46
046_010_005.npy,46
047_001_001.npy,47
047_001_002.npy,47
047_001_003.npy,47
047_001_004.npy,47
047_001_005.npy,47
047_002_001.npy,47
047_002_002.npy,47
047_002_003.npy,47
047_002_004.npy,47
047_002_005.npy,47
047_003_001.npy,47
047_003_002.npy,47
047_003_003.npy,47
047_003_004.npy,47
047_003_005.npy,47
047_004_001.npy,47
047_004_002.npy,47
047_004_003.npy,47
047_004_004.npy,47
047_004_005.npy,47
047_005_001.npy,47
047_005_002.npy,47
047_005_003.npy,47
047_005_004.npy,47
047_005_005.npy,47
047_006_001.npy,47
047_006_002.npy,47
047_006_003.npy,47
047_006_004.npy,47
047_006_005.npy,47
047_007_001.npy,47
047_007_002.npy,47
047_007_003.npy,47
047_007_004.npy,47
047_007_005.npy,47
047_008_001.npy,47
047_008_002.npy,47
047_008_003.npy,47
047_008_004.npy,47
047_008_005.npy,47
047_009_001.npy,47
047_009_002.npy,47
047_009_003.npy,47
047_009_004.npy,47
047_009_005.npy,47
047_010_001.npy,47
047_010_002.npy,47
047_010_003.npy,47
047_010_004.npy,47
047_010_005.npy,47
048_001_001.npy,48
048_001_002.npy,48
048_001_003.npy,48
048_001_004.npy,48
048_001_005.npy,48
048_002_001.npy,48
048_002_002.npy,48
048_002_003.npy,48
048_002_004.npy,48
048_002_005.npy,48
048_003_001.npy,48
048_003_002.npy,48
048_003_003.npy,48
048_003_004.npy,48
048_003_005.npy,48
048_004_001.npy,48
048_004_002.npy,48
048_004_003.npy,48
048_004_004.npy,48
048_004_005.npy,48
048_005_001.npy,48
048_005_002.npy,48
048_005_003.npy,48
048_005_004.npy,48
048_005_005.npy,48
048_006_001.npy,48
048_006_002.npy,48
048_006_003.npy,48
048_006_004.npy,48
048_006_005.npy,48
048_007_001.npy,48
048_007_002.npy,48
048_007_003.npy,48
048_007_004.npy,48
048_007_005.npy,48
048_008_001.npy,48
048_008_002.npy,48
048_008_003.npy,48
048_008_004.npy,48
048_008_005.npy,48
048_009_001.npy,48
048_009_002.npy,48
048_009_003.npy,48
048_009_004.npy,48
048_009_005.npy,48
048_010_001.npy,48
048_010_002.npy,48
048_010_003.npy,48
048_010_004.npy,48
048_010_005.npy,48
049_001_001.npy,49
049_001_002.npy,49
049_001_003.npy,49
049_001_004.npy,49
049_001_005.npy,49
049_002_001.npy,49
049_002_002.npy,49
049_002_003.npy,49
049_002_004.npy,49
049_002_005.npy,49
049_003_001.npy,49
049_003_002.npy,49
049_003_003.npy,49
049_003_004.npy,49
049_003_005.npy,49
049_004_001.npy,49
049_004_002.npy,49
049_004_004.npy,49
049_004_005.npy,49
049_005_001.npy,49
049_005_002.npy,49
049_005_003.npy,49
049_005_004.npy,49
049_005_005.npy,49
049_006_001.npy,49
049_006_002.npy,49
049_006_003.npy,49
049_006_004.npy,49
049_006_005.npy,49
049_007_001.npy,49
049_007_002.npy,49
049_007_003.npy,49
049_007_004.npy,49
049_007_005.npy,49
049_008_001.npy,49
049_008_002.npy,49
049_008_003.npy,49
049_008_004.npy,49
049_008_005.npy,49
049_009_001.npy,49
049_009_002.npy,49
049_009_003.npy,49
049_009_004.npy,49
049_009_005.npy,49
049_010_001.npy,49
049_010_002.npy,49
049_010_003.npy,49
049_010_005.npy,49
050_001_001.npy,50
050_001_002.npy,50
050_001_003.npy,50
050_001_004.npy,50
050_001_005.npy,50
050_002_001.npy,50
050_002_002.npy,50
050_002_003.npy,50
050_002_004.npy,50
050_002_005.npy,50
050_003_001.npy,50
050_003_002.npy,50
050_003_003.npy,50
050_003_004.npy,50
050_003_005.npy,50
050_004_001.npy,50
050_004_002.npy,50
050_004_003.npy,50
050_004_004.npy,50
050_004_005.npy,50
050_005_001.npy,50
050_005_002.npy,50
050_005_003.npy,50
050_005_004.npy,50
050_005_005.npy,50
050_006_001.npy,50
050_006_002.npy,50
050_006_003.npy,50
050_006_004.npy,50
050_006_005.npy,50
050_007_001.npy,50
050_007_002.npy,50
050_007_003.npy,50
050_007_004.npy,50
050_007_005.npy,50
050_008_001.npy,50
050_008_002.npy,50
050_008_003.npy,50
050_008_004.npy,50
050_008_005.npy,50
050_009_001.npy,50
050_009_002.npy,50
050_009_003.npy,50
050_009_004.npy,50
050_009_005.npy,50
050_010_001.npy,50
050_010_002.npy,50
050_010_003.npy,50
050_010_004.npy,50
050_010_005.npy,50
051_001_001.npy,51
051_001_002.npy,51
051_001_003.npy,51
051_001_004.npy,51
051_001_005.npy,51
051_002_001.npy,51
051_002_002.npy,51
051_002_003.npy,51
051_002_004.npy,51
051_002_005.npy,51
051_003_001.npy,51
051_003_002.npy,51
051_003_003.npy,51
051_003_004.npy,51
051_003_005.npy,51
051_004_001.npy,51
051_004_002.npy,51
051_004_003.npy,51
051_004_004.npy,51
051_004_005.npy,51
051_005_001.npy,51
051_005_002.npy,51
051_005_003.npy,51
051_005_004.npy,51
051_005_005.npy,51
051_006_001.npy,51
051_006_002.npy,51
051_006_003.npy,51
051_006_004.npy,51
051_006_005.npy,51
051_007_001.npy,51
051_007_002.npy,51
051_007_003.npy,51
051_007_004.npy,51
051_007_005.npy,51
051_008_001.npy,51
051_008_002.npy,51
051_008_003.npy,51
051_008_004.npy,51
051_008_005.npy,51
051_009_001.npy,51
051_009_002.npy,51
051_009_003.npy,51
051_009_004.npy,51
051_009_005.npy,51
051_010_001.npy,51
051_010_002.npy,51
051_010_003.npy,51
051_010_004.npy,51
051_010_005.npy,51
052_001_001.npy,52
052_001_002.npy,52
052_001_003.npy,52
052_001_004.npy,52
052_001_005.npy,52
052_002_001.npy,52
052_002_002.npy,52
052_002_003.npy,52
052_002_004.npy,52
052_002_005.npy,52
052_003_001.npy,52
052_003_002.npy,52
052_003_003.npy,52
052_003_004.npy,52
052_003_005.npy,52
052_004_001.npy,52
052_004_003.npy,52
052_004_004.npy,52
052_004_005.npy,52
052_005_001.npy,52
052_005_002.npy,52
052_005_003.npy,52
052_005_004.npy,52
052_005_005.npy,52
052_006_001.npy,52
052_006_002.npy,52
052_006_003.npy,52
052_006_004.npy,52
052_006_005.npy,52
052_007_001.npy,52
052_007_002.npy,52
052_007_003.npy,52
052_007_004.npy,52
052_007_005.npy,52
052_008_001.npy,52
052_008_002.npy,52
052_008_003.npy,52
052_008_004.npy,52
052_008_005.npy,52
052_009_001.npy,52
052_009_002.npy,52
052_009_003.npy,52
052_009_004.npy,52
052_009_005.npy,52
052_010_001.npy,52
052_010_002.npy,52
052_010_003.npy,52
052_010_004.npy,52
052_010_005.npy,52
053_001_001.npy,53
053_001_002.npy,53
053_001_003.npy,53
053_001_004.npy,53
053_001_005.npy,53
053_002_001.npy,53
053_002_002.npy,53
053_002_003.npy,53
053_002_004.npy,53
053_002_005.npy,53
053_003_002.npy,53
053_003_003.npy,53
053_003_005.npy,53
053_004_001.npy,53
053_004_002.npy,53
053_004_003.npy,53
053_004_004.npy,53
053_004_005.npy,53
053_006_001.npy,53
053_006_002.npy,53
053_006_003.npy,53
053_006_004.npy,53
053_006_005.npy,53
053_007_001.npy,53
053_007_002.npy,53
053_007_003.npy,53
053_007_004.npy,53
053_007_005.npy,53
053_008_001.npy,53
053_008_002.npy,53
053_008_003.npy,53
053_008_004.npy,53
053_008_005.npy,53
053_009_001.npy,53
053_009_002.npy,53
053_009_003.npy,53
053_009_004.npy,53
053_009_005.npy,53
053_010_001.npy,53
053_010_002.npy,53
053_010_003.npy,53
053_010_004.npy,53
053_010_005.npy,53
054_001_001.npy,54
054_001_002.npy,54
054_001_003.npy,54
054_001_004.npy,54
054_001_005.npy,54
054_002_001.npy,54
054_002_002.npy,54
054_002_003.npy,54
054_002_004.npy,54
054_002_005.npy,54
054_003_001.npy,54
054_003_002.npy,54
054_003_003.npy,54
054_003_004.npy,54
054_003_005.npy,54
054_004_001.npy,54
054_004_002.npy,54
054_004_003.npy,54
054_004_004.npy,54
054_004_005.npy,54
054_005_001.npy,54
054_005_002.npy,54
054_005_003.npy,54
054_005_004.npy,54
054_005_005.npy,54
054_006_001.npy,54
054_006_002.npy,54
054_006_003.npy,54
054_006_004.npy,54
054_006_005.npy,54
054_007_001.npy,54
054_007_002.npy,54
054_007_003.npy,54
054_007_004.npy,54
054_007_005.npy,54
054_008_001.npy,54
054_008_002.npy,54
054_008_003.npy,54
054_008_004.npy,54
054_008_005.npy,54
054_009_001.npy,54
054_009_002.npy,54
054_009_003.npy,54
054_009_004.npy,54
054_009_005.npy,54
054_010_001.npy,54
054_010_002.npy,54
054_010_003.npy,54
054_010_004.npy,54
054_010_005.npy,54
055_001_001.npy,55
055_001_002.npy,55
055_001_003.npy,55
055_001_004.npy,55
055_001_005.npy,55
055_002_001.npy,55
055_002_002.npy,55
055_002_003.npy,55
055_002_004.npy,55
055_002_005.npy,55
055_003_001.npy,55
055_003_002.npy,55
055_003_003.npy,55
055_003_004.npy,55
055_003_005.npy,55
055_004_001.npy,55
055_004_002.npy,55
055_004_003.npy,55
055_004_004.npy,55
055_004_005.npy,55
055_005_001.npy,55
055_005_002.npy,55
055_005_003.npy,55
055_005_004.npy,55
055_005_005.npy,55
055_006_001.npy,55
055_006_002.npy,55
055_006_003.npy,55
055_006_004.npy,55
055_006_005.npy,55
055_007_001.npy,55
055_007_002.npy,55
055_007_003.npy,55
055_007_004.npy,55
055_007_005.npy,55
055_008_001.npy,55
055_008_002.npy,55
055_008_003.npy,55
055_008_004.npy,55
055_008_005.npy,55
055_009_001.npy,55
055_009_002.npy,55
055_009_003.npy,55
055_009_004.npy,55
055_009_005.npy,55
055_010_001.npy,55
055_010_002.npy,55
055_010_003.npy,55
055_010_004.npy,55
055_010_005.npy,55
056_001_001.npy,56
056_001_002.npy,56
056_001_003.npy,56
056_001_004.npy,56
056_001_005.npy,56
056_002_001.npy,56
056_002_002.npy,56
056_002_003.npy,56
056_002_004.npy,56
056_002_005.npy,56
056_003_001.npy,56
056_003_002.npy,56
056_003_003.npy,56
056_003_004.npy,56
056_003_005.npy,56
056_004_001.npy,56
056_004_002.npy,56
056_004_003.npy,56
056_004_004.npy,56
056_005_001.npy,56
056_005_002.npy,56
056_005_003.npy,56
056_005_004.npy,56
056_005_005.npy,56
056_006_001.npy,56
056_006_002.npy,56
056_006_003.npy,56
056_006_004.npy,56
056_006_005.npy,56
056_007_001.npy,56
056_007_002.npy,56
056_007_003.npy,56
056_007_004.npy,56
056_007_005.npy,56
056_008_001.npy,56
056_008_002.npy,56
056_008_003.npy,56
056_008_004.npy,56
056_008_005.npy,56
056_009_001.npy,56
056_009_002.npy,56
056_009_003.npy,56
056_009_004.npy,56
056_009_005.npy,56
056_010_001.npy,56
056_010_002.npy,56
056_010_003.npy,56
056_010_004.npy,56
056_010_005.npy,56
057_001_001.npy,57
057_001_002.npy,57
057_001_003.npy,57
057_001_004.npy,57
057_001_005.npy,57
057_002_001.npy,57
057_002_002.npy,57
057_002_003.npy,57
057_002_004.npy,57
057_002_005.npy,57
057_003_001.npy,57
057_003_002.npy,57
057_003_003.npy,57
057_003_004.npy,57
057_003_005.npy,57
057_004_001.npy,57
057_004_002.npy,57
057_004_003.npy,57
057_004_004.npy,57
057_004_005.npy,57
057_005_001.npy,57
057_005_002.npy,57
057_005_003.npy,57
057_005_004.npy,57
057_005_005.npy,57
057_006_001.npy,57
057_006_002.npy,57
057_006_003.npy,57
057_006_004.npy,57
057_006_005.npy,57
057_007_001.npy,57
057_007_002.npy,57
057_007_003.npy,57
057_007_004.npy,57
057_007_005.npy,57
057_008_001.npy,57
057_008_002.npy,57
057_008_003.npy,57
057_008_004.npy,57
057_008_005.npy,57
057_009_001.npy,57
057_009_002.npy,57
057_009_003.npy,57
057_009_004.npy,57
057_009_005.npy,57
057_010_001.npy,57
057_010_002.npy,57
057_010_003.npy,57
057_010_004.npy,57
057_010_005.npy,57
058_001_001.npy,58
058_001_002.npy,58
058_001_003.npy,58
058_001_004.npy,58
058_001_005.npy,58
058_002_001.npy,58
058_002_002.npy,58
058_002_003.npy,58
058_002_004.npy,58
058_002_005.npy,58
058_003_001.npy,58
058_003_002.npy,58
058_003_003.npy,58
058_003_004.npy,58
058_003_005.npy,58
058_004_001.npy,58
058_004_002.npy,58
058_004_003.npy,58
058_004_004.npy,58
058_004_005.npy,58
058_005_001.npy,58
058_005_002.npy,58
058_005_003.npy,58
058_005_004.npy,58
058_005_005.npy,58
058_006_001.npy,58
058_006_002.npy,58
058_006_003.npy,58
058_006_004.npy,58
058_006_005.npy,58
058_007_001.npy,58
058_007_002.npy,58
058_007_003.npy,58
058_007_004.npy,58
058_007_005.npy,58
058_008_001.npy,58
058_008_002.npy,58
058_008_003.npy,58
058_008_004.npy,58
058_008_005.npy,58
058_009_001.npy,58
058_009_002.npy,58
058_009_003.npy,58
058_009_004.npy,58
058_009_005.npy,58
058_010_001.npy,58
058_010_002.npy,58
058_010_003.npy,58
058_010_004.npy,58
058_010_005.npy,58
059_001_001.npy,59
059_001_002.npy,59
059_001_003.npy,59
059_001_004.npy,59
059_001_005.npy,59
059_002_001.npy,59
059_002_002.npy,59
059_002_003.npy,59
059_002_004.npy,59
059_002_005.npy,59
059_003_001.npy,59
059_003_002.npy,59
059_003_003.npy,59
059_004_001.npy,59
059_004_002.npy,59
059_004_003.npy,59
059_004_004.npy,59
059_004_005.npy,59
059_005_001.npy,59
059_005_002.npy,59
059_005_003.npy,59
059_005_004.npy,59
059_005_005.npy,59
059_006_001.npy,59
059_006_002.npy,59
059_006_003.npy,59
059_006_004.npy,59
059_006_005.npy,59
059_007_001.npy,59
059_007_002.npy,59
059_007_003.npy,59
059_007_004.npy,59
059_007_005.npy,59
059_008_002.npy,59
059_008_004.npy,59
059_008_005.npy,59
059_009_001.npy,59
059_009_002.npy,59
059_009_003.npy,59
059_009_004.npy,59
059_009_005.npy,59
059_010_001.npy,59
059_010_002.npy,59
059_010_003.npy,59
059_010_004.npy,59
059_010_005.npy,59
060_001_001.npy,60
060_001_002.npy,60
060_001_003.npy,60
060_001_004.npy,60
060_001_005.npy,60
060_002_001.npy,60
060_002_002.npy,60
060_002_003.npy,60
060_002_004.npy,60
060_002_005.npy,60
060_003_001.npy,60
060_003_002.npy,60
060_003_003.npy,60
060_003_004.npy,60
060_003_005.npy,60
060_004_001.npy,60
060_004_002.npy,60
060_004_003.npy,60
060_004_004.npy,60
060_004_005.npy,60
060_005_003.npy,60
060_005_004.npy,60
060_005_005.npy,60
060_006_001.npy,60
060_006_002.npy,60
060_006_003.npy,60
060_006_004.npy,60
060_006_005.npy,60
060_007_001.npy,60
060_007_002.npy,60
060_007_003.npy,60
060_007_004.npy,60
060_007_005.npy,60
060_008_002.npy,60
060_008_003.npy,60
060_008_004.npy,60
060_008_005.npy,60
060_009_001.npy,60
060_009_002.npy,60
060_009_003.npy,60
060_009_004.npy,60
060_009_005.npy,60
061_001_001.npy,61
061_001_002.npy,61
061_001_003.npy,61
061_001_004.npy,61
061_001_005.npy,61
061_002_001.npy,61
061_002_002.npy,61
061_002_003.npy,61
061_002_004.npy,61
061_002_005.npy,61
061_003_001.npy,61
061_003_002.npy,61
061_003_004.npy,61
061_003_005.npy,61
061_004_001.npy,61
061_004_002.npy,61
061_004_003.npy,61
061_004_004.npy,61
061_004_005.npy,61
061_005_001.npy,61
061_005_002.npy,61
061_005_003.npy,61
061_005_004.npy,61
061_005_005.npy,61
061_006_001.npy,61
061_006_002.npy,61
061_006_003.npy,61
061_006_004.npy,61
061_006_005.npy,61
061_007_001.npy,61
061_007_002.npy,61
061_007_003.npy,61
061_007_004.npy,61
061_007_005.npy,61
061_008_001.npy,61
061_008_002.npy,61
061_008_003.npy,61
061_008_004.npy,61
061_008_005.npy,61
061_009_001.npy,61
061_009_002.npy,61
061_009_003.npy,61
061_009_004.npy,61
061_009_005.npy,61
061_010_001.npy,61
061_010_002.npy,61
061_010_003.npy,61
061_010_004.npy,61
061_010_005.npy,61
062_001_002.npy,62
062_001_005.npy,62
062_002_001.npy,62
062_002_002.npy,62
062_002_003.npy,62
062_002_004.npy,62
062_002_005.npy,62
062_004_001.npy,62
062_004_002.npy,62
062_004_003.npy,62
062_004_004.npy,62
062_004_005.npy,62
062_005_003.npy,62
062_005_004.npy,62
062_006_001.npy,62
062_006_002.npy,62
062_006_004.npy,62
062_006_005.npy,62
062_007_002.npy,62
062_007_004.npy,62
062_009_001.npy,62
062_009_002.npy,62
062_009_003.npy,62
062_009_004.npy,62
062_009_005.npy,62
062_010_001.npy,62
062_010_002.npy,62
062_010_003.npy,62
062_010_004.npy,62
062_010_005.npy,62
063_001_001.npy,63
063_001_002.npy,63
063_001_003.npy,63
063_001_004.npy,63
063_001_005.npy,63
063_002_001.npy,63
063_002_002.npy,63
063_002_003.npy,63
063_002_004.npy,63
063_002_005.npy,63
063_003_001.npy,63
063_003_002.npy,63
063_003_003.npy,63
063_003_004.npy,63
063_003_005.npy,63
063_004_001.npy,63
063_004_002.npy,63
063_004_003.npy,63
063_004_004.npy,63
063_004_005.npy,63
063_005_001.npy,63
063_005_002.npy,63
063_005_003.npy,63
063_005_004.npy,63
063_005_005.npy,63
063_006_001.npy,63
063_006_002.npy,63
063_006_003.npy,63
063_006_004.npy,63
063_006_005.npy,63
063_007_001.npy,63
063_007_002.npy,63
063_007_003.npy,63
063_007_004.npy,63
063_007_005.npy,63
063_008_001.npy,63
063_009_001.npy,63
063_009_002.npy,63
063_009_003.npy,63
063_009_004.npy,63
063_009_005.npy,63
063_010_001.npy,63
063_010_002.npy,63
063_010_003.npy,63
063_010_004.npy,63
063_010_005.npy,63
064_001_001.npy,64
064_001_002.npy,64
064_001_003.npy,64
064_001_004.npy,64
064_001_005.npy,64
064_002_001.npy,64
064_002_002.npy,64
064_002_003.npy,64
064_002_004.npy,64
064_002_005.npy,64
064_003_001.npy,64
064_003_002.npy,64
064_003_003.npy,64
064_003_004.npy,64
064_003_005.npy,64
064_004_001.npy,64
064_004_002.npy,64
064_004_003.npy,64
064_004_004.npy,64
064_004_005.npy,64
064_005_001.npy,64
064_005_002.npy,64
064_005_003.npy,64
064_005_004.npy,64
064_005_005.npy,64
064_006_001.npy,64
064_006_002.npy,64
064_006_003.npy,64
064_006_004.npy,64
064_006_005.npy,64
064_007_001.npy,64
064_007_002.npy,64
064_007_003.npy,64
064_007_004.npy,64
064_007_005.npy,64
064_008_001.npy,64
064_008_002.npy,64
064_008_003.npy,64
064_008_004.npy,64
064_008_005.npy,64
064_009_001.npy,64
064_009_002.npy,64
064_009_003.npy,64
064_009_004.npy,64
064_009_005.npy,64
064_010_001.npy,64
064_010_002.npy,64
064_010_003.npy,64
064_010_004.npy,64
064_010_005.npy,64
